filename,font
font_0_sample_0_size_16.png,Arial
font_0_sample_1_size_16.png,Arial
font_0_sample_2_size_16.png,Arial
font_0_sample_3_size_16.png,Arial
font_0_sample_4_size_16.png,Arial
font_0_sample_5_size_16.png,Arial
font_0_sample_6_size_16.png,Arial
font_0_sample_7_size_16.png,Arial
font_0_sample_8_size_16.png,Arial
font_0_sample_9_size_16.png,Arial
font_0_sample_10_size_16.png,Arial
font_0_sample_11_size_16.png,Arial
font_0_sample_12_size_16.png,Arial
font_0_sample_13_size_16.png,Arial
font_0_sample_14_size_16.png,Arial
font_0_sample_15_size_16.png,Arial
font_0_sample_16_size_16.png,Arial
font_0_sample_17_size_16.png,Arial
font_0_sample_18_size_16.png,Arial
font_0_sample_19_size_16.png,Arial
font_0_sample_0_size_24.png,Arial
font_0_sample_1_size_24.png,Arial
font_0_sample_2_size_24.png,Arial
font_0_sample_3_size_24.png,Arial
font_0_sample_4_size_24.png,Arial
font_0_sample_5_size_24.png,Arial
font_0_sample_6_size_24.png,Arial
font_0_sample_7_size_24.png,Arial
font_0_sample_8_size_24.png,Arial
font_0_sample_9_size_24.png,Arial
font_0_sample_10_size_24.png,Arial
font_0_sample_11_size_24.png,Arial
font_0_sample_12_size_24.png,Arial
font_0_sample_13_size_24.png,Arial
font_0_sample_14_size_24.png,Arial
font_0_sample_15_size_24.png,Arial
font_0_sample_16_size_24.png,Arial
font_0_sample_17_size_24.png,Arial
font_0_sample_18_size_24.png,Arial
font_0_sample_19_size_24.png,Arial
font_0_sample_0_size_32.png,Arial
font_0_sample_1_size_32.png,Arial
font_0_sample_2_size_32.png,Arial
font_0_sample_3_size_32.png,Arial
font_0_sample_4_size_32.png,Arial
font_0_sample_5_size_32.png,Arial
font_0_sample_6_size_32.png,Arial
font_0_sample_7_size_32.png,Arial
font_0_sample_8_size_32.png,Arial
font_0_sample_9_size_32.png,Arial
font_0_sample_10_size_32.png,Arial
font_0_sample_11_size_32.png,Arial
font_0_sample_12_size_32.png,Arial
font_0_sample_13_size_32.png,Arial
font_0_sample_14_size_32.png,Arial
font_0_sample_15_size_32.png,Arial
font_0_sample_16_size_32.png,Arial
font_0_sample_17_size_32.png,Arial
font_0_sample_18_size_32.png,Arial
font_0_sample_19_size_32.png,Arial
font_1_sample_0_size_16.png,Times New Roman
font_1_sample_1_size_16.png,Times New Roman
font_1_sample_2_size_16.png,Times New Roman
font_1_sample_3_size_16.png,Times New Roman
font_1_sample_4_size_16.png,Times New Roman
font_1_sample_5_size_16.png,Times New Roman
font_1_sample_6_size_16.png,Times New Roman
font_1_sample_7_size_16.png,Times New Roman
font_1_sample_8_size_16.png,Times New Roman
font_1_sample_9_size_16.png,Times New Roman
font_1_sample_10_size_16.png,Times New Roman
font_1_sample_11_size_16.png,Times New Roman
font_1_sample_12_size_16.png,Times New Roman
font_1_sample_13_size_16.png,Times New Roman
font_1_sample_14_size_16.png,Times New Roman
font_1_sample_15_size_16.png,Times New Roman
font_1_sample_16_size_16.png,Times New Roman
font_1_sample_17_size_16.png,Times New Roman
font_1_sample_18_size_16.png,Times New Roman
font_1_sample_19_size_16.png,Times New Roman
font_1_sample_0_size_24.png,Times New Roman
font_1_sample_1_size_24.png,Times New Roman
font_1_sample_2_size_24.png,Times New Roman
font_1_sample_3_size_24.png,Times New Roman
font_1_sample_4_size_24.png,Times New Roman
font_1_sample_5_size_24.png,Times New Roman
font_1_sample_6_size_24.png,Times New Roman
font_1_sample_7_size_24.png,Times New Roman
font_1_sample_8_size_24.png,Times New Roman
font_1_sample_9_size_24.png,Times New Roman
font_1_sample_10_size_24.png,Times New Roman
font_1_sample_11_size_24.png,Times New Roman
font_1_sample_12_size_24.png,Times New Roman
font_1_sample_13_size_24.png,Times New Roman
font_1_sample_14_size_24.png,Times New Roman
font_1_sample_15_size_24.png,Times New Roman
font_1_sample_16_size_24.png,Times New Roman
font_1_sample_17_size_24.png,Times New Roman
font_1_sample_18_size_24.png,Times New Roman
font_1_sample_19_size_24.png,Times New Roman
font_1_sample_0_size_32.png,Times New Roman
font_1_sample_1_size_32.png,Times New Roman
font_1_sample_2_size_32.png,Times New Roman
font_1_sample_3_size_32.png,Times New Roman
font_1_sample_4_size_32.png,Times New Roman
font_1_sample_5_size_32.png,Times New Roman
font_1_sample_6_size_32.png,Times New Roman
font_1_sample_7_size_32.png,Times New Roman
font_1_sample_8_size_32.png,Times New Roman
font_1_sample_9_size_32.png,Times New Roman
font_1_sample_10_size_32.png,Times New Roman
font_1_sample_11_size_32.png,Times New Roman
font_1_sample_12_size_32.png,Times New Roman
font_1_sample_13_size_32.png,Times New Roman
font_1_sample_14_size_32.png,Times New Roman
font_1_sample_15_size_32.png,Times New Roman
font_1_sample_16_size_32.png,Times New Roman
font_1_sample_17_size_32.png,Times New Roman
font_1_sample_18_size_32.png,Times New Roman
font_1_sample_19_size_32.png,Times New Roman
font_2_sample_0_size_16.png,Courier New
font_2_sample_1_size_16.png,Courier New
font_2_sample_2_size_16.png,Courier New
font_2_sample_3_size_16.png,Courier New
font_2_sample_4_size_16.png,Courier New
font_2_sample_5_size_16.png,Courier New
font_2_sample_6_size_16.png,Courier New
font_2_sample_7_size_16.png,Courier New
font_2_sample_8_size_16.png,Courier New
font_2_sample_9_size_16.png,Courier New
font_2_sample_10_size_16.png,Courier New
font_2_sample_11_size_16.png,Courier New
font_2_sample_12_size_16.png,Courier New
font_2_sample_13_size_16.png,Courier New
font_2_sample_14_size_16.png,Courier New
font_2_sample_15_size_16.png,Courier New
font_2_sample_16_size_16.png,Courier New
font_2_sample_17_size_16.png,Courier New
font_2_sample_18_size_16.png,Courier New
font_2_sample_19_size_16.png,Courier New
font_2_sample_0_size_24.png,Courier New
font_2_sample_1_size_24.png,Courier New
font_2_sample_2_size_24.png,Courier New
font_2_sample_3_size_24.png,Courier New
font_2_sample_4_size_24.png,Courier New
font_2_sample_5_size_24.png,Courier New
font_2_sample_6_size_24.png,Courier New
font_2_sample_7_size_24.png,Courier New
font_2_sample_8_size_24.png,Courier New
font_2_sample_9_size_24.png,Courier New
font_2_sample_10_size_24.png,Courier New
font_2_sample_11_size_24.png,Courier New
font_2_sample_12_size_24.png,Courier New
font_2_sample_13_size_24.png,Courier New
font_2_sample_14_size_24.png,Courier New
font_2_sample_15_size_24.png,Courier New
font_2_sample_16_size_24.png,Courier New
font_2_sample_17_size_24.png,Courier New
font_2_sample_18_size_24.png,Courier New
font_2_sample_19_size_24.png,Courier New
font_2_sample_0_size_32.png,Courier New
font_2_sample_1_size_32.png,Courier New
font_2_sample_2_size_32.png,Courier New
font_2_sample_3_size_32.png,Courier New
font_2_sample_4_size_32.png,Courier New
font_2_sample_5_size_32.png,Courier New
font_2_sample_6_size_32.png,Courier New
font_2_sample_7_size_32.png,Courier New
font_2_sample_8_size_32.png,Courier New
font_2_sample_9_size_32.png,Courier New
font_2_sample_10_size_32.png,Courier New
font_2_sample_11_size_32.png,Courier New
font_2_sample_12_size_32.png,Courier New
font_2_sample_13_size_32.png,Courier New
font_2_sample_14_size_32.png,Courier New
font_2_sample_15_size_32.png,Courier New
font_2_sample_16_size_32.png,Courier New
font_2_sample_17_size_32.png,Courier New
font_2_sample_18_size_32.png,Courier New
font_2_sample_19_size_32.png,Courier New
font_3_sample_0_size_16.png,Verdana
font_3_sample_1_size_16.png,Verdana
font_3_sample_2_size_16.png,Verdana
font_3_sample_3_size_16.png,Verdana
font_3_sample_4_size_16.png,Verdana
font_3_sample_5_size_16.png,Verdana
font_3_sample_6_size_16.png,Verdana
font_3_sample_7_size_16.png,Verdana
font_3_sample_8_size_16.png,Verdana
font_3_sample_9_size_16.png,Verdana
font_3_sample_10_size_16.png,Verdana
font_3_sample_11_size_16.png,Verdana
font_3_sample_12_size_16.png,Verdana
font_3_sample_13_size_16.png,Verdana
font_3_sample_14_size_16.png,Verdana
font_3_sample_15_size_16.png,Verdana
font_3_sample_16_size_16.png,Verdana
font_3_sample_17_size_16.png,Verdana
font_3_sample_18_size_16.png,Verdana
font_3_sample_19_size_16.png,Verdana
font_3_sample_0_size_24.png,Verdana
font_3_sample_1_size_24.png,Verdana
font_3_sample_2_size_24.png,Verdana
font_3_sample_3_size_24.png,Verdana
font_3_sample_4_size_24.png,Verdana
font_3_sample_5_size_24.png,Verdana
font_3_sample_6_size_24.png,Verdana
font_3_sample_7_size_24.png,Verdana
font_3_sample_8_size_24.png,Verdana
font_3_sample_9_size_24.png,Verdana
font_3_sample_10_size_24.png,Verdana
font_3_sample_11_size_24.png,Verdana
font_3_sample_12_size_24.png,Verdana
font_3_sample_13_size_24.png,Verdana
font_3_sample_14_size_24.png,Verdana
font_3_sample_15_size_24.png,Verdana
font_3_sample_16_size_24.png,Verdana
font_3_sample_17_size_24.png,Verdana
font_3_sample_18_size_24.png,Verdana
font_3_sample_19_size_24.png,Verdana
font_3_sample_0_size_32.png,Verdana
font_3_sample_1_size_32.png,Verdana
font_3_sample_2_size_32.png,Verdana
font_3_sample_3_size_32.png,Verdana
font_3_sample_4_size_32.png,Verdana
font_3_sample_5_size_32.png,Verdana
font_3_sample_6_size_32.png,Verdana
font_3_sample_7_size_32.png,Verdana
font_3_sample_8_size_32.png,Verdana
font_3_sample_9_size_32.png,Verdana
font_3_sample_10_size_32.png,Verdana
font_3_sample_11_size_32.png,Verdana
font_3_sample_12_size_32.png,Verdana
font_3_sample_13_size_32.png,Verdana
font_3_sample_14_size_32.png,Verdana
font_3_sample_15_size_32.png,Verdana
font_3_sample_16_size_32.png,Verdana
font_3_sample_17_size_32.png,Verdana
font_3_sample_18_size_32.png,Verdana
font_3_sample_19_size_32.png,Verdana
font_4_sample_0_size_16.png,Georgia
font_4_sample_1_size_16.png,Georgia
font_4_sample_2_size_16.png,Georgia
font_4_sample_3_size_16.png,Georgia
font_4_sample_4_size_16.png,Georgia
font_4_sample_5_size_16.png,Georgia
font_4_sample_6_size_16.png,Georgia
font_4_sample_7_size_16.png,Georgia
font_4_sample_8_size_16.png,Georgia
font_4_sample_9_size_16.png,Georgia
font_4_sample_10_size_16.png,Georgia
font_4_sample_11_size_16.png,Georgia
font_4_sample_12_size_16.png,Georgia
font_4_sample_13_size_16.png,Georgia
font_4_sample_14_size_16.png,Georgia
font_4_sample_15_size_16.png,Georgia
font_4_sample_16_size_16.png,Georgia
font_4_sample_17_size_16.png,Georgia
font_4_sample_18_size_16.png,Georgia
font_4_sample_19_size_16.png,Georgia
font_4_sample_0_size_24.png,Georgia
font_4_sample_1_size_24.png,Georgia
font_4_sample_2_size_24.png,Georgia
font_4_sample_3_size_24.png,Georgia
font_4_sample_4_size_24.png,Georgia
font_4_sample_5_size_24.png,Georgia
font_4_sample_6_size_24.png,Georgia
font_4_sample_7_size_24.png,Georgia
font_4_sample_8_size_24.png,Georgia
font_4_sample_9_size_24.png,Georgia
font_4_sample_10_size_24.png,Georgia
font_4_sample_11_size_24.png,Georgia
font_4_sample_12_size_24.png,Georgia
font_4_sample_13_size_24.png,Georgia
font_4_sample_14_size_24.png,Georgia
font_4_sample_15_size_24.png,Georgia
font_4_sample_16_size_24.png,Georgia
font_4_sample_17_size_24.png,Georgia
font_4_sample_18_size_24.png,Georgia
font_4_sample_19_size_24.png,Georgia
font_4_sample_0_size_32.png,Georgia
font_4_sample_1_size_32.png,Georgia
font_4_sample_2_size_32.png,Georgia
font_4_sample_3_size_32.png,Georgia
font_4_sample_4_size_32.png,Georgia
font_4_sample_5_size_32.png,Georgia
font_4_sample_6_size_32.png,Georgia
font_4_sample_7_size_32.png,Georgia
font_4_sample_8_size_32.png,Georgia
font_4_sample_9_size_32.png,Georgia
font_4_sample_10_size_32.png,Georgia
font_4_sample_11_size_32.png,Georgia
font_4_sample_12_size_32.png,Georgia
font_4_sample_13_size_32.png,Georgia
font_4_sample_14_size_32.png,Georgia
font_4_sample_15_size_32.png,Georgia
font_4_sample_16_size_32.png,Georgia
font_4_sample_17_size_32.png,Georgia
font_4_sample_18_size_32.png,Georgia
font_4_sample_19_size_32.png,Georgia
